,Mean,MCSE,StdDev,MAD,5%,50%,95%,ESS_bulk,ESS_tail,ESS_bulk/s,R_hat
lp__,-48820.0,35343.4,50125.1,60586.1,-119415.0,-40897.7,-40.5089,4.36599,4000.0,0.00909692,3.57599
mu_v_easy,0.641871,0.901201,1.41488,0.210676,-2.17134,1.66541,1.80747,4.96382,4000.0,0.0103426,3.08108
sigma_v_easy,2.32134,0.931724,1.34191,1.64202,0.330521,2.9813,4.1019,4.43931,4000.0,0.00924971,3.29868
mu_v_hard,1.29757,0.756497,1.34653,1.03635,-0.0354653,1.22946,3.54353,5.35385,4000.0,0.0111552,2.06103
sigma_v_hard,0.559346,0.0955865,0.370347,0.390449,0.0323444,0.590011,1.2251,7.82227,4000.0,0.0162984,1.80004
mu_beta_logit,0.759421,0.972045,1.3941,1.63737,-1.40208,0.790487,2.56083,4.80864,4000.0,0.0100192,2.73852
sigma_beta,0.360593,0.18966,0.282597,0.233519,0.0198349,0.176264,0.734905,4.94656,4000.0,0.0103066,2.51665
mu_log_a,0.321,0.326247,0.488174,0.633567,-0.258817,0.271049,1.06157,4.7627,4000.0,0.00992351,2.57877
sigma_a,0.199993,0.0784733,0.119108,0.134666,0.00434677,0.188803,0.376322,5.38522,4000.0,0.0112206,2.13945
mu_log_t,0.158525,0.533941,0.755737,0.97001,-0.791961,0.23954,0.923781,4.51143,4000.0,0.00939996,3.53391
sigma_t,1.5674,1.61613,2.28728,0.410785,0.0614245,0.356879,5.51291,4.63842,4000.0,0.00966457,3.40102
z_v_easy[1],0.737306,0.925131,1.37705,0.36923,-1.62752,1.73709,1.98609,4.43045,4000.0,0.00923124,3.35272
z_v_easy[2],-0.639647,0.296754,0.551614,0.417521,-1.35488,-0.384289,0.170025,9.17912,4000.0,0.0191255,1.85701
z_v_easy[3],0.887551,0.486076,0.807871,0.760687,-0.493777,0.851214,1.82539,5.49987,4000.0,0.0114595,1.97886
z_v_easy[4],-0.0395597,0.425409,0.878537,1.3961,-0.961439,0.180458,1.53786,6.34797,4000.0,0.0132266,1.68666
z_v_easy[5],0.785186,0.477769,0.96821,1.33835,-0.774384,0.891986,2.05516,6.27942,4000.0,0.0130837,1.91946
z_v_easy[6],0.0871238,0.717105,1.14985,1.24068,-1.61388,-0.1644,1.71314,5.11435,4000.0,0.0106562,2.2281
z_v_easy[7],1.39036,0.222682,0.520978,0.60917,0.557159,1.37008,1.94409,9.85296,4000.0,0.0205295,1.73869
z_v_easy[8],-0.606328,0.382584,0.7673,0.824445,-1.35432,-0.612628,1.02488,6.74751,4000.0,0.014059,2.37584
z_v_easy[9],-0.437673,0.409324,0.858811,0.597372,-2.10436,-0.590682,0.506258,8.54387,4000.0,0.0178019,1.42676
z_v_easy[10],0.486497,0.730146,1.19205,0.891469,-2.01118,1.14539,1.74668,4.77092,4000.0,0.00994063,2.66946
z_v_easy[11],-1.01537,0.644859,1.02426,0.512318,-1.96,-1.61448,0.900201,4.68416,4000.0,0.00975987,2.76342
z_v_easy[12],-0.284928,0.373192,0.63437,1.04591,-0.993328,-0.230437,0.475108,5.78696,4000.0,0.0120576,1.86902
z_v_easy[13],0.867005,0.653431,1.09685,1.66585,-0.890848,0.502051,2.6659,5.25952,4000.0,0.0109587,2.24373
z_v_easy[14],0.868608,0.374164,0.616375,0.813039,0.0682822,0.859508,1.73439,5.83893,4000.0,0.0121659,1.85837
z_v_easy[15],-0.378705,0.198547,0.437084,0.346343,-0.835906,-0.371488,0.362546,8.20314,4000.0,0.017092,1.68612
z_v_easy[16],0.49704,0.533384,0.887489,0.512938,-1.06795,0.341009,1.73383,5.94917,4000.0,0.0123956,1.8152
z_v_easy[17],1.01054,0.627274,0.997337,0.23221,-0.682257,1.80905,1.96566,5.11424,4000.0,0.010656,2.2085
z_v_easy[18],-0.346306,0.558762,0.862844,0.910304,-1.22347,-0.609451,0.86681,5.49137,4000.0,0.0114418,2.0387
z_v_easy[19],-0.160294,0.971997,1.50769,1.83983,-1.89893,-0.657963,1.72585,5.0184,4000.0,0.0104563,2.31381
z_v_easy[20],-0.18111,0.807462,1.45405,1.7206,-2.36422,0.0804039,2.20691,5.82863,4000.0,0.0121445,1.91936
z_v_easy[21],-0.130732,0.145093,0.714613,0.824451,-1.33324,-0.287568,1.1993,11.8337,4000.0,0.0246567,1.7933
z_v_easy[22],0.363175,0.465186,0.88213,0.895941,-1.32059,0.65534,1.25973,5.45569,4000.0,0.0113674,2.13557
z_v_hard[1],0.0648483,0.343071,0.582898,0.501122,-0.704037,-0.213007,0.812818,6.18987,4000.0,0.0128971,2.12433
z_v_hard[2],-0.32882,0.379877,0.701523,0.942142,-1.27747,-0.35383,0.630779,8.13701,4000.0,0.0169542,1.44047
z_v_hard[3],-0.37179,0.262169,0.739465,0.714378,-1.21577,-0.455129,1.23601,6.91177,4000.0,0.0144013,1.75383
z_v_hard[4],-0.70329,0.502104,1.03444,1.45448,-2.1848,-0.744737,0.824176,5.09377,4000.0,0.0106133,2.32605
z_v_hard[5],0.275014,0.787148,1.24276,1.92701,-1.68116,0.614723,1.91468,4.74342,4000.0,0.00988334,2.62537
z_v_hard[6],-0.265667,0.711221,1.12103,1.17528,-1.42123,-0.628454,1.28995,5.68091,4000.0,0.0118367,1.91637
z_v_hard[7],-0.111498,0.621869,1.01025,0.582225,-1.59519,0.473832,1.37317,5.71962,4000.0,0.0119173,2.86563
z_v_hard[8],0.21181,0.778989,1.26196,1.92026,-1.29434,0.000873089,1.71223,6.12524,4000.0,0.0127625,1.80536
z_v_hard[9],-0.325572,0.475263,0.909255,1.06316,-1.43561,0.0635738,1.2282,6.80356,4000.0,0.0141758,1.95921
z_v_hard[10],0.565348,0.594117,0.9895,0.418065,-1.23489,0.388441,1.98068,6.01844,4000.0,0.01254,1.85688
z_v_hard[11],0.816251,0.589073,1.06627,0.695688,-1.54041,0.549806,1.99672,5.02778,4000.0,0.0104758,2.24379
z_v_hard[12],-0.622664,0.114361,0.576775,0.155789,-1.24266,-0.726512,0.751397,23.1831,4000.0,0.0483041,2.05139
z_v_hard[13],-0.460281,0.499983,0.91804,1.07156,-1.56374,-0.282672,0.995537,5.28904,4000.0,0.0110202,2.08042
z_v_hard[14],0.355534,0.192229,0.493955,0.606236,-0.318009,0.429454,1.40062,7.55428,4000.0,0.01574,1.85534
z_v_hard[15],0.512205,0.665829,1.04387,1.1018,-1.3144,0.649894,1.94639,4.89173,4000.0,0.0101924,2.42831
z_v_hard[16],-0.110032,0.859702,1.34427,2.27301,-1.66194,-0.128753,1.5838,5.24843,4000.0,0.0109356,2.08569
z_v_hard[17],-0.179581,0.420864,0.722888,0.793158,-1.45776,-0.335734,0.773871,5.06065,4000.0,0.0105443,2.30304
z_v_hard[18],-0.118263,0.518731,0.829724,0.503359,-1.33356,0.168858,0.910891,6.14953,4000.0,0.0128131,1.73718
z_v_hard[19],0.0869017,0.299419,0.54203,0.767113,-0.644367,0.242271,0.871003,6.50663,4000.0,0.0135571,1.7161
z_v_hard[20],-0.127803,0.824789,1.21588,0.599855,-1.39405,-0.989477,2.11416,4.71116,4000.0,0.00981613,2.76489
z_v_hard[21],-0.354585,0.573561,1.03949,0.553612,-1.13336,-0.759929,1.81876,6.42102,4000.0,0.0133788,2.47412
z_v_hard[22],-0.864386,0.718684,1.17967,0.690792,-1.9298,-1.46384,1.57158,4.77261,4000.0,0.00994415,2.55269
z_beta[1],-0.361683,0.595658,0.945909,0.848643,-1.70719,-0.220322,1.16882,5.52449,4000.0,0.0115108,2.17857
z_beta[2],0.635182,0.595462,1.01224,0.731521,-0.741228,1.00699,1.9648,7.74288,4000.0,0.016133,1.61677
z_beta[3],0.0942843,0.593444,0.985921,1.1749,-1.12347,-0.172477,1.37761,5.04026,4000.0,0.0105018,2.31752
z_beta[4],0.322236,0.667409,1.19241,1.4464,-1.53833,-0.200444,1.89551,6.838,4000.0,0.0142476,1.66622
z_beta[5],-0.876379,0.574759,0.984989,1.20267,-2.1854,-1.13542,0.417755,5.6047,4000.0,0.0116779,2.04748
z_beta[6],-0.591923,0.87711,1.41248,1.97479,-2.08736,-0.246746,2.41245,5.14057,4000.0,0.0107108,2.16898
z_beta[7],0.30336,0.71503,1.12926,1.20026,-0.984402,0.0104827,1.91073,4.80446,4000.0,0.0100105,2.59012
z_beta[8],-0.455046,0.801511,1.25055,0.601741,-1.748,-1.34216,1.51023,5.4528,4000.0,0.0113614,2.652
z_beta[9],-0.340732,0.598643,0.994585,0.822829,-1.79099,0.0527891,0.997552,6.53037,4000.0,0.0136066,2.47791
z_beta[10],-0.0623048,0.740236,1.17957,1.34014,-1.4652,-0.364003,1.47799,4.71607,4000.0,0.00982635,2.65868
z_beta[11],-0.158328,0.510424,0.891966,0.724285,-1.57323,-0.358952,1.49081,5.49185,4000.0,0.0114428,1.97897
z_beta[12],-0.380413,0.924617,1.3893,1.48474,-1.99628,-0.865063,1.54869,4.99991,4000.0,0.0104178,2.39579
z_beta[13],0.372481,0.644299,1.02216,0.818009,-0.731802,-0.0411151,1.85795,5.45976,4000.0,0.0113759,2.09174
z_beta[14],0.453104,0.440704,0.758792,0.543027,-0.786558,0.396155,1.47423,6.07813,4000.0,0.0126643,1.77784
z_beta[15],-0.599557,0.453452,0.816184,1.21506,-1.58338,-0.346511,0.884813,5.29341,4000.0,0.0110293,2.11989
z_beta[16],-0.218524,1.00228,1.45506,1.99207,-1.95241,-0.608701,1.95588,4.67927,4000.0,0.00974969,2.70678
z_beta[17],0.226759,0.640972,0.997484,0.585004,-1.29154,0.587472,1.51681,5.90871,4000.0,0.0123113,2.45438
z_beta[18],-0.0330678,0.520671,0.890895,0.933994,-1.11671,-0.283956,1.27046,5.12642,4000.0,0.0106814,2.23189
z_beta[19],0.549841,0.661785,1.08336,0.987354,-0.904497,0.0837949,1.97888,5.07204,4000.0,0.010568,2.25954
z_beta[20],0.122358,0.201521,0.673591,0.875267,-0.964883,0.241113,1.36999,5.85817,4000.0,0.012206,1.90887
z_beta[21],0.30176,0.576419,0.906419,0.798234,-0.747053,-0.208654,1.68238,5.52947,4000.0,0.0115212,2.06967
z_beta[22],0.527961,0.422785,0.777516,0.482198,-1.00694,0.846415,1.26713,5.47598,4000.0,0.0114097,2.24583
z_a[1],-0.632963,0.462512,0.864396,0.901308,-1.61932,-0.628099,1.28875,5.18223,4000.0,0.0107976,2.16201
z_a[2],0.0312198,0.376448,0.7481,0.911564,-0.829038,0.0889353,0.891114,9.0891,4000.0,0.0189379,1.6296
z_a[3],0.251697,0.34243,0.7734,0.468759,-1.47771,0.389978,1.23893,6.78385,4000.0,0.0141348,1.60797
z_a[4],-0.621544,0.480992,0.817841,1.09465,-1.66937,-0.664927,0.637889,5.42172,4000.0,0.0112966,2.04102
z_a[5],-0.961777,0.887285,1.3895,0.069364,-1.96276,-1.82626,1.96017,4.88852,4000.0,0.0101857,2.85206
z_a[6],0.713211,0.471929,0.848358,1.27354,-0.874215,1.07166,1.9826,6.03955,4000.0,0.012584,1.95907
z_a[7],0.377446,0.474624,0.820333,0.775866,-0.50077,0.132559,1.41553,5.88826,4000.0,0.0122687,1.83371
z_a[8],-0.0824449,0.59673,0.995964,0.824426,-1.85803,-0.26923,1.76732,4.85052,4000.0,0.0101065,2.70714
z_a[9],0.805968,0.510409,0.810601,0.922645,-0.773838,0.470555,1.74955,5.30084,4000.0,0.0110448,2.1657
z_a[10],-0.0372244,0.168825,0.620389,0.512142,-0.773164,-0.0271558,1.49109,7.32867,4000.0,0.0152699,1.69634
z_a[11],0.211709,0.933064,1.40645,1.20076,-1.7097,0.76597,1.7218,5.15285,4000.0,0.0107364,2.18147
z_a[12],-0.598969,0.52466,0.827392,0.980032,-1.5516,-0.465408,0.73532,5.02319,4000.0,0.0104663,2.28647
z_a[13],0.506374,0.75092,1.23083,1.22725,-0.627501,0.200333,3.13668,5.61656,4000.0,0.0117026,2.43146
z_a[14],-0.431365,0.775087,1.22375,1.02867,-1.96789,-0.69167,2.13116,4.64534,4000.0,0.00967898,2.75727
z_a[15],-0.0832485,0.196015,0.683337,0.748987,-1.13132,-0.20057,0.964423,5.5294,4000.0,0.011521,1.98088
z_a[16],-0.0622248,0.930304,1.409,2.44818,-1.92758,-0.0557991,1.59555,4.68206,4000.0,0.00975549,2.70139
z_a[17],0.538663,0.549116,0.954249,0.707308,-1.32496,0.466495,1.73551,4.92911,4000.0,0.0102702,2.64252
z_a[18],-0.054035,0.555,0.873809,1.07894,-1.2691,-0.0768863,1.41559,5.43139,4000.0,0.0113168,2.00034
z_a[19],-0.426112,0.504013,0.833495,1.16662,-1.40677,-0.581018,0.579158,6.7361,4000.0,0.0140353,1.61615
z_a[20],-0.346621,0.405162,0.852392,0.0358056,-1.40654,-0.701207,1.35001,7.53828,4000.0,0.0157067,2.44171
z_a[21],-0.353546,0.425311,1.08001,1.10567,-2.62131,-0.151245,1.50281,6.29757,4000.0,0.0131215,1.71423
z_a[22],-0.0964525,0.533113,1.12905,1.41989,-1.68824,-0.437666,1.9304,5.34832,4000.0,0.0111437,2.35964
z_t[1],-0.142232,0.615136,0.889813,1.53289,-1.43616,-0.0372218,0.996763,4.50317,4000.0,0.00938276,3.09852
z_t[2],-0.0157631,0.88851,1.32541,1.72051,-2.06947,-0.486665,1.77621,4.85787,4000.0,0.0101218,3.13728
z_t[3],0.490503,1.0969,1.56491,1.80508,-1.18203,0.0354668,2.54483,4.60875,4000.0,0.00960273,2.85709
z_t[4],-0.972805,0.480953,0.808964,0.897162,-2.12925,-1.12643,0.718826,4.648,4000.0,0.00968453,2.77849
z_t[5],-0.850788,0.539117,0.853466,0.678834,-1.78506,-1.32718,0.562874,4.92972,4000.0,0.0102715,2.40389
z_t[6],-0.85357,0.518999,0.838939,0.613183,-1.7285,-1.00761,1.05475,4.62074,4000.0,0.00962773,2.83797
z_t[7],-0.126373,0.786308,1.1322,1.01103,-1.46079,-0.209556,1.65238,4.52595,4000.0,0.00943023,3.00775
z_t[8],0.767714,0.404396,0.725034,0.294883,-0.659853,1.01822,1.64557,5.08317,4000.0,0.0105912,2.61672
z_t[9],-0.067164,0.29764,0.581853,0.366574,-0.768755,0.110174,0.75649,6.73956,4000.0,0.0140425,1.89538
z_t[10],-0.424436,0.538137,0.879955,0.193037,-1.19763,-1.06744,1.17036,4.98901,4000.0,0.010395,2.41826
z_t[11],0.407023,0.416961,0.668165,0.817918,-0.56444,0.661656,1.21334,5.989,4000.0,0.0124786,2.10241
z_t[12],0.502719,0.826235,1.35737,1.24234,-1.35413,0.830092,2.72917,4.69173,4000.0,0.00977564,2.72635
z_t[13],0.131705,0.77736,1.12924,1.53997,-1.32372,-0.484041,1.77158,5.00032,4000.0,0.0104186,2.35574
z_t[14],-0.50925,0.847205,1.24757,0.281655,-1.59016,-1.40019,1.53872,5.18854,4000.0,0.0108108,2.80604
z_t[15],-0.169527,0.71443,1.07858,0.307725,-1.16336,-0.823104,1.50914,5.25202,4000.0,0.0109431,2.59188
z_t[16],-0.420796,0.360452,0.72365,0.155835,-1.60571,-0.517635,1.11908,6.82235,4000.0,0.014215,2.36629
z_t[17],-0.376512,0.687714,1.04156,1.07759,-1.62893,-0.72349,1.1128,4.73546,4000.0,0.00986675,2.62611
z_t[18],0.700983,0.538939,0.872947,0.728054,-0.559896,0.287039,1.90712,5.39414,4000.0,0.0112392,2.02054
z_t[19],0.0511896,0.676805,0.977196,1.22799,-1.64951,0.323249,1.2188,4.486,4000.0,0.00934698,3.42905
z_t[20],-0.230472,0.899113,1.28818,0.429602,-1.43863,-0.851303,1.93713,5.03393,4000.0,0.0104886,2.26339
z_t[21],-0.00442089,0.595862,0.975025,0.693678,-1.27235,0.32465,1.30702,5.33155,4000.0,0.0111088,2.09765
z_t[22],1.18671,0.307188,0.470768,0.662909,0.579385,1.15689,1.69544,5.64882,4000.0,0.0117698,1.89571
v_easy[1],3.76451,3.63149,5.22473,6.44626,-4.13436,5.46593,9.81215,4.41538,4000.0,0.00919984,3.34564
v_easy[2],-1.26839,1.27388,1.93691,2.2228,-3.90667,-0.812264,0.687096,5.36723,4000.0,0.0111831,2.04108
v_easy[3],3.02076,1.97732,2.95256,4.90843,-1.08447,3.62972,7.27977,4.66755,4000.0,0.00972526,2.68976
v_easy[4],0.360338,1.22692,2.25579,2.25681,-3.23843,0.400837,2.921,5.80751,4000.0,0.0121005,1.88262
v_easy[5],3.35259,2.67943,4.10395,6.23346,-3.0883,4.48139,9.02721,4.73492,4000.0,0.00986563,2.63537
v_easy[6],1.91256,2.85803,4.08831,3.59205,-2.86654,1.31447,8.69255,4.63794,4000.0,0.00966355,3.22557
v_easy[7],4.32322,2.58767,3.80857,5.8669,-1.03502,5.51746,9.59994,4.53335,4000.0,0.00944564,2.98878
v_easy[8],-1.3006,1.09571,1.68737,0.981656,-3.8359,-0.664362,0.601515,5.52547,4000.0,0.0115128,1.97875
v_easy[9],-0.288502,1.58227,2.34526,2.2218,-2.89075,-0.877866,3.32505,5.01235,4000.0,0.0104437,2.30618
v_easy[10],2.7031,2.9263,4.22107,3.84492,-4.34266,4.45069,7.04394,4.37271,4000.0,0.00911093,3.55052
v_easy[11],-2.77489,1.80587,2.75192,3.78224,-6.37422,-3.68984,1.71718,4.60867,4000.0,0.00960257,2.88528
v_easy[12],0.170842,1.54111,2.23826,1.75855,-2.52124,-1.01565,3.61419,4.47282,4000.0,0.00931953,3.20351
v_easy[13],3.23778,2.37976,3.48701,3.1221,-1.18999,2.77831,8.89762,5.20586,4000.0,0.0108469,2.58288
v_easy[14],2.64461,2.04156,3.04792,2.7706,-2.00911,2.74,7.20634,4.6961,4000.0,0.00978474,2.72335
v_easy[15],-0.459201,0.868082,1.44746,1.64399,-3.16003,-0.53859,1.03882,5.60563,4000.0,0.0116798,1.95139
v_easy[16],2.53734,2.60277,3.75697,2.8312,-1.77308,1.79259,8.77726,4.76472,4000.0,0.00992772,3.10262
v_easy[17],4.02666,3.21433,4.6038,6.75579,-2.08161,5.05711,9.72818,4.59531,4000.0,0.00957474,2.85407
v_easy[18],0.407482,2.02449,2.97152,2.03844,-2.95609,-0.485398,5.22069,4.59856,4000.0,0.0095815,2.8653
v_easy[19],0.128799,3.29157,4.8624,8.56361,-6.1237,-0.0886061,6.98128,4.35086,4000.0,0.0090654,3.67533
v_easy[20],-1.1699,2.29239,3.39323,3.46457,-6.28508,-0.288365,2.08838,5.01781,4000.0,0.010455,2.36659
v_easy[21],0.583269,1.12784,1.93768,2.07255,-3.16795,0.945251,2.76909,6.03354,4000.0,0.0125714,2.25497
v_easy[22],2.06175,2.13993,3.11603,3.35684,-2.85752,3.31993,5.58404,4.50682,4000.0,0.00939036,3.09271
v_hard[1],1.28998,0.648156,1.27448,0.995807,0.23002,1.10375,3.48688,6.39913,4000.0,0.0133332,2.10299
v_hard[2],1.1112,0.814282,1.49502,1.51129,-0.358637,1.40774,3.60604,6.03722,4000.0,0.0125791,1.87937
v_hard[3],1.22279,0.91306,1.55515,1.91882,-0.341542,0.960931,3.85811,5.08412,4000.0,0.0105932,2.24023
v_hard[4],0.794366,0.54305,1.42731,0.281375,0.0213528,0.211179,3.75573,6.3869,4000.0,0.0133077,2.40689
v_hard[5],1.34125,0.71178,1.4466,0.925208,0.161573,0.789378,3.70422,6.32172,4000.0,0.0131719,1.71905
v_hard[6],1.16499,0.829482,1.54624,0.974242,-0.499704,1.33351,3.50739,6.25186,4000.0,0.0130263,1.73069
v_hard[7],1.35246,0.969339,1.60401,1.41904,-0.556518,1.50913,3.90926,5.80601,4000.0,0.0120973,1.97279
v_hard[8],1.60409,0.92213,1.62125,1.45565,-0.458254,2.18543,4.03616,5.69106,4000.0,0.0118578,1.91142
v_hard[9],1.06262,0.807193,1.4916,0.870624,-0.504401,1.26957,3.55378,6.72086,4000.0,0.0140035,1.92582
v_hard[10],1.65848,0.777532,1.45297,1.24185,-0.000661241,1.85571,3.60393,6.61191,4000.0,0.0137765,1.62119
v_hard[11],1.68378,0.927049,1.57594,1.39225,0.144081,2.00547,4.15588,5.53446,4000.0,0.0115315,1.98846
v_hard[12],0.86382,0.699501,1.4554,0.969298,-0.238475,0.800764,3.67923,6.85686,4000.0,0.0142869,2.02377
v_hard[13],1.20612,1.02184,1.66281,1.76856,-0.546262,1.34188,3.79051,5.5284,4000.0,0.0115189,2.03529
v_hard[14],1.6118,0.84242,1.43466,1.52817,-0.0287601,1.48287,3.89393,5.06943,4000.0,0.0105626,2.24884
v_hard[15],1.55043,0.820241,1.44662,1.27032,0.176802,1.63495,3.47663,5.98306,4000.0,0.0124662,1.77727
v_hard[16],1.3164,0.980626,1.66535,1.91127,-0.578336,1.7236,3.73693,5.92173,4000.0,0.0123385,1.78342
v_hard[17],1.21387,0.835118,1.5202,1.61494,-0.290628,1.62907,3.53647,6.38854,4000.0,0.0133111,1.69559
v_hard[18],1.28142,0.880611,1.50096,1.1624,-0.471066,1.52937,3.61707,5.34182,4000.0,0.0111302,2.05977
v_hard[19],1.31194,0.671584,1.37662,1.30106,0.0751111,1.00535,3.58791,6.10054,4000.0,0.012711,2.19932
v_hard[20],1.41179,1.03633,1.70994,1.68502,-0.490818,0.645729,4.35128,5.03989,4000.0,0.0105011,2.28778
v_hard[21],1.16142,0.811431,1.52315,1.719,-0.405665,0.781093,3.9808,5.82169,4000.0,0.01213,1.98826
v_hard[22],0.865827,0.80625,1.62826,1.3337,-0.665833,0.365789,4.18897,5.89781,4000.0,0.0122886,2.01122
beta[1],0.568254,0.210659,0.300122,0.463447,0.191404,0.503997,0.927846,4.80198,4000.0,0.0100054,2.57162
beta[2],0.632303,0.189926,0.272109,0.416981,0.242755,0.524004,0.938173,5.15055,4000.0,0.0107316,2.25696
beta[3],0.676557,0.205758,0.293669,0.110503,0.175694,0.821268,0.926885,5.27518,4000.0,0.0109913,2.6751
beta[4],0.653271,0.185698,0.267758,0.443591,0.245263,0.603656,0.944736,5.03159,4000.0,0.0104838,2.28381
beta[5],0.559476,0.22417,0.318208,0.51841,0.167673,0.52858,0.923769,4.9062,4000.0,0.0102225,2.44211
beta[6],0.528101,0.200939,0.290501,0.259304,0.191891,0.366787,0.928344,4.58447,4000.0,0.00955215,2.95577
beta[7],0.624245,0.18161,0.258842,0.441439,0.256295,0.575893,0.931424,4.88092,4000.0,0.0101698,2.51982
beta[8],0.588895,0.223323,0.318919,0.449114,0.153141,0.456064,0.937109,5.2458,4000.0,0.0109301,2.19331
beta[9],0.63287,0.206143,0.294187,0.352964,0.152162,0.652854,0.931448,4.98533,4000.0,0.0103874,2.79187
beta[10],0.579321,0.180865,0.263364,0.294616,0.242027,0.440745,0.934188,4.67634,4000.0,0.00974357,2.79303
beta[11],0.657051,0.203691,0.289783,0.350168,0.184637,0.666677,0.934562,5.00538,4000.0,0.0104292,2.71918
beta[12],0.572528,0.200755,0.287239,0.314367,0.244322,0.456357,0.930428,4.92186,4000.0,0.0102551,2.46155
beta[13],0.637408,0.179225,0.255237,0.345449,0.254524,0.636909,0.929538,4.73871,4000.0,0.00987353,2.82382
beta[14],0.670295,0.181699,0.258717,0.258942,0.241907,0.703325,0.927642,4.84587,4000.0,0.0100968,2.87945
beta[15],0.619589,0.205637,0.292564,0.37774,0.156943,0.632684,0.927801,4.83382,4000.0,0.0100717,2.71898
beta[16],0.684565,0.219339,0.311755,0.0591334,0.148527,0.863294,0.92592,5.46946,4000.0,0.0113961,2.01251
beta[17],0.672614,0.213288,0.302838,0.261207,0.163869,0.729703,0.937263,5.23028,4000.0,0.0108978,2.51867
beta[18],0.59543,0.183406,0.263647,0.455435,0.221531,0.528727,0.92901,4.66411,4000.0,0.00971809,2.82362
beta[19],0.645682,0.174797,0.249434,0.388957,0.25859,0.608223,0.928184,4.67689,4000.0,0.00974473,3.20982
beta[20],0.655891,0.198651,0.282342,0.256576,0.187909,0.709146,0.927487,4.94162,4000.0,0.0102963,2.6196
beta[21],0.644061,0.207053,0.294078,0.337966,0.177446,0.674718,0.936236,5.18235,4000.0,0.0107979,2.6499
beta[22],0.696157,0.195136,0.27819,0.148669,0.222199,0.79998,0.929728,5.32411,4000.0,0.0110933,2.80704
a[1],1.32884,0.450472,0.651545,0.266427,0.768424,1.02525,2.42524,5.44845,4000.0,0.0113523,1.98955
a[2],1.4966,0.373192,0.589776,0.956473,0.762731,1.49577,2.29276,5.05231,4000.0,0.0105269,2.30048
a[3],1.63872,0.599628,0.905611,1.01871,0.515803,1.50091,3.02374,4.3878,4000.0,0.00914237,3.51215
a[4],1.22763,0.256051,0.381561,0.338897,0.770167,1.13365,1.8126,5.08921,4000.0,0.0106038,2.21967
a[5],1.09091,0.26284,0.423456,0.305411,0.440665,0.987342,1.71228,4.64777,4000.0,0.00968405,2.74539
a[6],2.02087,0.831099,1.21712,0.877132,0.775368,1.48445,3.94774,4.55286,4000.0,0.00948629,2.97827
a[7],1.65187,0.457272,0.75442,1.26904,0.699245,1.67561,2.59181,5.10309,4000.0,0.0106327,2.32911
a[8],1.45097,0.533849,0.78128,0.644168,0.455509,1.26454,2.68122,4.3887,4000.0,0.00914425,3.4723
a[9],1.78561,0.674683,0.969038,0.980038,0.780531,1.55409,3.29741,4.71168,4000.0,0.0098172,2.624
a[10],1.50142,0.473268,0.714082,0.73657,0.698775,1.32335,2.60487,4.53673,4000.0,0.00945268,3.01092
a[11],1.42262,0.294512,0.539538,0.455885,0.592549,1.68941,2.06978,5.41718,4000.0,0.0112872,2.13629
a[12],1.38629,0.58324,0.844077,0.346768,0.513642,1.02679,2.80524,4.48844,4000.0,0.00935207,3.11296
a[13],1.83755,0.615246,0.928694,0.85841,0.780155,1.36374,3.05753,4.89314,4000.0,0.0101953,2.42998
a[14],1.42611,0.431921,0.631408,0.42702,0.772652,1.06202,2.38251,4.96204,4000.0,0.0103389,2.51173
a[15],1.57991,0.647996,0.92564,0.384561,0.770582,1.15484,3.14799,5.07613,4000.0,0.0105766,2.2557
a[16],1.42584,0.268996,0.410922,0.462639,0.778299,1.61105,2.02892,4.93572,4000.0,0.010284,2.35487
a[17],2.07001,1.08574,1.55064,0.76744,0.771005,1.41829,4.6968,4.78713,4000.0,0.00997442,2.56192
a[18],1.4516,0.30234,0.555001,0.711615,0.780343,1.35261,2.28548,5.38419,4000.0,0.0112184,2.06586
a[19],1.52694,0.725311,1.0428,0.381922,0.528489,1.05832,3.29252,4.46096,4000.0,0.00929481,3.18227
a[20],1.36045,0.427533,0.656933,0.520938,0.527453,1.15509,2.37617,4.48871,4000.0,0.00935262,3.13023
a[21],1.37891,0.387466,0.645261,0.785237,0.359951,1.33784,2.24959,4.68119,4000.0,0.00975369,2.78247
a[22],1.80032,0.747953,1.15999,0.753876,0.574494,1.27537,3.5606,4.43856,4000.0,0.00924813,3.32714
t[1],28.8629,33.2106,47.0022,1.76425,0.295612,2.45693,110.275,4.56113,4000.0,0.00950353,2.97677
t[2],1.64535,0.677246,0.962766,0.528931,0.0309441,1.96018,2.63149,4.54489,4000.0,0.00946968,3.81223
t[3],1.54891,0.957237,1.35494,1.96383,0.000669941,1.58597,2.93075,4.66292,4000.0,0.00971561,3.26778
t[4],1.26993,0.731461,1.03926,1.29569,0.000361089,1.32306,2.57805,4.41731,4000.0,0.00920387,3.42246
t[5],1.28908,0.805127,1.14276,1.78907,2.41119e-05,1.22522,2.5917,4.66997,4000.0,0.00973029,2.74473
t[6],1.29753,0.789424,1.12029,1.57552,3.29388e-05,1.30719,2.68279,4.52869,4000.0,0.00943594,3.04768
t[7],1.64782,0.594692,0.8419,0.515618,0.225308,1.9369,2.29729,4.6312,4000.0,0.00964952,3.18432
t[8],94.4328,113.007,159.937,1.37535,1.25429,2.48421,371.509,4.41812,4000.0,0.00920554,3.38506
t[9],1.57749,0.663253,0.944329,1.50986,0.437943,1.49874,2.6469,4.80756,4000.0,0.010017,2.63767
t[10],1.34694,0.836571,1.18771,1.8763,0.000996537,1.26654,2.73148,4.86809,4000.0,0.0101431,2.4502
t[11],5.91797,4.68878,6.63626,1.22849,1.40713,2.44195,17.392,4.59174,4000.0,0.00956731,2.86773
t[12],1.7458,0.801195,1.14907,1.22879,0.000259461,1.82815,3.22426,4.52215,4000.0,0.00942231,3.16926
t[13],45.3282,53.3005,75.4349,1.84301,0.418723,2.32278,176.054,4.2571,4000.0,0.00887005,4.26785
t[14],1.34463,0.85307,1.20955,1.71434,7.06141e-05,1.15638,2.78385,4.4557,4000.0,0.00928385,3.26274
t[15],1.58084,0.672265,0.953091,0.522357,0.00484575,1.90641,2.5017,4.50621,4000.0,0.00938909,3.23256
t[16],1.35065,0.769653,1.09321,1.64195,0.0465886,1.24758,2.70224,4.60622,4000.0,0.00959748,2.93331
t[17],1.46673,0.659536,0.934603,0.676288,0.00839113,1.69756,2.51966,4.3132,4000.0,0.00898693,3.96957
t[18],4168.59,5099.54,7217.25,1.60412,0.804026,2.55577,16676.2,4.4125,4000.0,0.00919383,3.36037
t[19],95.1171,114.152,161.556,1.31929,0.833334,2.27562,374.993,4.59188,4000.0,0.0095676,3.03966
t[20],1.68021,0.685362,0.970102,0.193448,0.00272076,2.16088,2.29811,4.81822,4000.0,0.0100392,2.91964
t[21],4.96033,3.9422,5.58024,2.12057,0.325554,2.55717,14.5031,4.3139,4000.0,0.0089884,3.825
t[22],7.47899,6.20309,8.77915,0.844986,1.84666,2.66651,22.6802,4.44264,4000.0,0.00925664,3.33837
p_v_easy_gt_v_hard,0.543,,0.498179,0.0,0.0,1.0,1.0,,,,
mu_v_diff,-0.655703,1.59208,2.3858,2.08601,-4.88518,0.43588,1.8429,4.75974,4000.0,0.00991734,2.6104
v_diff[1],2.47453,4.12388,5.90195,5.75342,-6.64795,4.88528,8.70843,4.42807,4000.0,0.00922628,3.36773
v_diff[2],-2.37959,1.91388,2.87831,3.88591,-5.44138,-2.69785,1.04566,5.26948,4000.0,0.0109794,2.08627
v_diff[3],1.79797,2.7343,3.9842,6.03556,-3.70481,2.66621,7.6213,4.63044,4000.0,0.00964794,2.81366
v_diff[4],-0.434028,1.48132,2.39801,2.55467,-4.46577,-1.0958,2.70155,5.40701,4000.0,0.011266,2.09405
v_diff[5],2.01133,2.59513,3.92196,3.59568,-4.56847,4.25749,6.6681,4.74855,4000.0,0.00989402,2.69024
v_diff[6],0.747562,2.86506,4.18711,6.09646,-5.96838,1.8141,6.70196,4.42732,4000.0,0.00922471,3.31244
v_diff[7],2.97076,3.13057,4.57854,3.04484,-4.20103,6.10806,8.09082,4.58702,4000.0,0.00955746,2.91905
v_diff[8],-2.90469,1.77509,2.76592,4.33624,-6.12989,-3.03613,0.429285,5.08996,4000.0,0.0106054,2.27612
v_diff[9],-1.35112,2.28121,3.36208,2.43005,-5.11553,-2.91758,3.82943,5.1803,4000.0,0.0107936,2.15217
v_diff[10],1.04462,3.43999,4.98415,6.59534,-7.80776,2.59547,7.04458,4.37978,4000.0,0.00912565,3.54905
v_diff[11],-4.45866,2.14661,3.26392,3.81346,-8.78551,-3.83474,0.973517,4.72703,4000.0,0.0098492,2.70387
v_diff[12],-0.692978,1.88795,2.8891,3.50278,-5.33763,-0.777556,2.81718,4.91355,4000.0,0.0102378,2.42761
v_diff[13],2.03166,2.64008,3.90174,6.01645,-3.49132,3.32449,7.55564,4.83583,4000.0,0.0100759,2.53413
v_diff[14],1.03282,2.52623,3.73762,4.7793,-5.37213,2.37277,5.72345,4.56293,4000.0,0.00950727,2.97759
v_diff[15],-2.00963,1.63129,2.53102,3.25847,-6.05258,-2.52845,0.58674,5.37983,4000.0,0.0112093,2.13173
v_diff[16],1.22094,2.65236,3.91394,6.02486,-4.83204,2.37086,6.61335,4.62545,4000.0,0.00963754,2.79443
v_diff[17],2.81279,3.59535,5.16983,2.74706,-4.9201,6.29684,8.04209,4.44243,4000.0,0.00925619,3.26948
v_diff[18],-0.873943,2.09762,3.14219,1.84661,-5.87923,-1.38914,3.69127,4.79865,4000.0,0.00999841,2.51475
v_diff[19],-1.18314,3.61732,5.31769,7.97137,-7.12903,-1.55053,6.90616,4.39942,4000.0,0.00916659,3.42499
v_diff[20],-2.58169,2.57849,3.85584,5.39505,-7.7754,-3.17839,2.53946,4.76701,4000.0,0.0099325,2.6127
v_diff[21],-0.578147,1.77113,2.68672,0.953898,-5.50121,1.35083,1.98596,4.63647,4000.0,0.0096605,2.80101
v_diff[22],1.19592,2.93247,4.3776,5.14716,-5.57556,2.77794,6.24986,4.53766,4000.0,0.00945461,3.01012
group_beta,0.642981,0.193153,0.274531,0.271158,0.197486,0.686417,0.928298,4.80859,4000.0,0.0100191,2.73945
